Job ID,Job URL,Job Title,Company Name,Status,Timestamp,WP ID
07993651a437b0c4,https://by.linkedin.com/jobs/view/%D1%81%D0%BF%D0%B5%D1%86%D0%B8%D0%B0%D0%BB%D0%B8%D1%81%D1%82-%D0%BF%D0%BE-%D1%80%D0%B0%D0%B1%D0%BE%D1%82%D0%B5-%D1%81-%D0%BA%D0%BB%D0%B8%D0%B5%D0%BD%D1%82%D0%B0%D0%BC%D0%B8-at-%D0%BB%D0%B8%D0%BD%D0%B4%D1%81%D0%B5%D1%80%D0%B2%D0%B8%D1%81-4463429876,Специалист по работе с клиентами,,scraped,2026-09-14T07:54:20.098385,
bb2010e9d358a979,https://by.linkedin.com/jobs/view/%D0%B8%D0%BD%D0%B6%D0%B5%D0%BD%D0%B5%D1%80-%D0%BF%D1%80%D0%BE%D0%B3%D1%80%D0%B0%D0%BC%D0%BC%D0%B8%D1%81%D1%82-%D0%B2%D1%81%D1%82%D1%80%D0%BE%D0%B5%D0%BD%D0%BD%D0%BE%D0%B3%D0%BE-%D0%BF%D1%80%D0%BE%D0%B3%D1%80%D0%B0%D0%BC%D0%BC%D0%BD%D0%BE%D0%B3%D0%BE-%D0%BE%D0%B1%D0%B5%D1%81%D0%BF%D0%B5%D1%87%D0%B5%D0%BD%D0%B8%D1%8F-at-comparator-llc-4426478111,Инженер-программист встроенного программного обеспечения,Comparator LLC,posted,2026-09-14T07:54:36.282808,18
e58f239eed508d21,https://by.linkedin.com/jobs/view/affiliate-manager-at-q3-network-4465076086,Affiliate Manager,,scraped,2026-09-14T07:54:38.853514,
b04cf5235c1fc4d8,https://by.linkedin.com/jobs/view/product-manager-at-egis-pharmaceuticals-plc-4465082107,Product manager,,scraped,2026-09-14T07:54:45.305728,
a0a1bb184453e3ff,https://by.linkedin.com/jobs/view/software-development-engineer-ii-senior-data-engineer-hd-core-at-mapbox-4401015048,"Software Development Engineer II (Senior Data Engineer), HD Core",Mapbox,posted,2026-09-14T07:54:58.401826,20
ebb2b379d3e5b2f9,https://by.linkedin.com/jobs/view/rave-i-map-quality-insights-at-mapbox-4465645382,"RAVE I, Map Quality & Insights",Mapbox,posted,2026-09-14T07:55:07.090458,22
73e9d01dd474466a,https://by.linkedin.com/jobs/view/%D0%B2%D0%B5%D0%B4%D1%83%D1%89%D0%B8%D0%B9-%D0%B3%D0%BB%D0%B0%D0%B2%D0%BD%D1%8B%D0%B9-%D1%81%D0%BF%D0%B5%D1%86%D0%B8%D0%B0%D0%BB%D0%B8%D1%81%D1%82-%D0%B1%D0%B8%D0%B7%D0%BD%D0%B5%D1%81-%D0%B0%D0%BD%D0%B0%D0%BB%D0%B8%D1%82%D0%B8%D0%BA-at-%D0%B1%D0%B0%D0%BD%D0%BA%D0%BE%D0%B2%D1%81%D0%BA%D0%B8%D0%B9-%D0%BF%D1%80%D0%BE%D1%86%D0%B5%D1%81%D1%81%D0%B8%D0%BD%D0%B3%D0%BE%D0%B2%D1%8B%D0%B9-%D1%86%D0%B5%D0%BD%D1%82%D1%80-banks-processing-center-4462201958,Ведущий/Главный специалист/бизнес-аналитик,Банковский процессинговый центр (Banks Processing Center),posted,2026-09-14T07:55:21.042581,24
69817d65f730110d,https://by.linkedin.com/jobs/view/%D1%8E%D1%80%D0%B8%D1%81%D0%BA%D0%BE%D0%BD%D1%81%D1%83%D0%BB%D1%8C%D1%82-4463477411,Юрисконсульт,Разработчик,failed|wp_post_failed,2026-09-14T07:55:24.515113,
4c422ec61c3702fd,https://by.linkedin.com/jobs/view/%D0%BC%D0%B5%D0%BD%D0%B5%D0%B4%D0%B6%D0%B5%D1%80-%D0%BF%D0%BE-%D1%80%D0%B0%D0%B1%D0%BE%D1%82%D0%B5-%D1%81-%D0%BA%D0%BB%D0%B8%D0%B5%D0%BD%D1%82%D0%B0%D0%BC%D0%B8-at-primum-road-carrier-4463961835,Менеджер по работе с клиентами,PRIMUM | Road Carrier,failed|wp_post_failed,2026-09-14T07:55:34.802984,
6cf39b7a3815f0cb,https://by.linkedin.com/jobs/view/%D0%B1%D1%80%D0%B5%D0%BD%D0%B4-%D0%BC%D0%B0%D1%80%D0%BA%D0%B5%D1%82%D0%BE%D0%BB%D0%BE%D0%B3-at-tdx-team-and-career-%F0%9F%93%8D-4462218380,Бренд-маркетолог,TDX: Team and career 📍,posted,2026-09-14T07:55:43.572708,26
43b67f8f080c12f7,https://by.linkedin.com/jobs/view/polish-to-english-vri-interpreter-wfh-at-future-group-language-solutions-4455851296,Polish to English VRI Interpreter WFH,,scraped,2026-09-14T07:55:46.176043,
ba4206a6ea7cb8c6,https://by.linkedin.com/jobs/view/senior-manager-transformation-digitale-brest-h-f-at-mc2i-4444124907,Senior Manager Transformation Digitale - Brest H/F,,scraped,2026-09-14T07:55:54.834812,
3d583da37d4e33ca,https://by.linkedin.com/jobs/view/gbs-customer-service-rep-at-ups-4463527886,GBS Customer Service Rep,UPS,posted,2026-09-14T07:56:09.211400,28
5e08b8adca7a07e8,https://by.linkedin.com/jobs/view/%D0%BC%D0%B5%D0%BD%D0%B5%D0%B4%D0%B6%D0%B5%D1%80-%D0%BF%D0%BE-%D0%BF%D1%80%D0%BE%D0%B4%D0%B0%D0%B6%D0%B0%D0%BC-4462296152,Менеджер по продажам,Solid Way UAB,failed|wp_post_failed,2026-09-14T07:56:12.641232,
7cca1e701db4eb91,https://by.linkedin.com/jobs/view/charg%C3%A9-d-affaires-h-f-at-fauch%C3%A9-4378319325,Chargé d'affaires H/F,,scraped,2026-09-14T07:56:15.123842,
4355d39a65501885,https://by.linkedin.com/jobs/view/medical-representative-at-sandoz-4447702531,Medical Representative,,scraped,2026-09-14T07:56:24.222652,
2a4b6395499353bf,https://by.linkedin.com/jobs/view/%F0%9D%91%B3%F0%9D%92%86%F0%9D%92%82%F0%9D%92%85-%F0%9D%91%A8%F0%9D%91%B8%F0%9D%91%A8-%F0%9D%91%AC%F0%9D%92%8F%F0%9D%92%88%F0%9D%92%8A%F0%9D%92%8F%F0%9D%92%86%F0%9D%92%86%F0%9D%92%93-%F0%9D%91%B1%F0%9D%91%BA-%F0%9D%91%BB%F0%9D%91%BA-%F0%9D%91%B7%F0%9D%92%8D%F0%9D%92%82%F0%9D%92%9A%F0%9D%92%98%F0%9D%92%93%F0%9D%92%8A%F0%9D%92%88%F0%9D%92%89%F0%9D%92%95-at-twelvedevs-4463968682,"𝑳𝒆𝒂𝒅 𝑨𝑸𝑨 𝑬𝒏𝒈𝒊𝒏𝒆𝒆𝒓 - 𝑱𝑺/𝑻𝑺, 𝑷𝒍𝒂𝒚𝒘𝒓𝒊𝒈𝒉𝒕",,scraped,2026-09-14T07:56:31.023845,
ab45930c9f0dd711,https://by.linkedin.com/jobs/view/cs-ccr-at-ups-4464513941,CS CCR,UPS,posted,2026-09-14T07:56:43.299372,30
c37b020ed94806fc,https://by.linkedin.com/jobs/view/%D0%B7%D0%B0%D0%BC%D0%B5%D1%81%D1%82%D0%B8%D1%82%D0%B5%D0%BB%D1%8C-%D0%B3%D0%BB%D0%B0%D0%B2%D0%BD%D0%BE%D0%B3%D0%BE-%D0%B1%D1%83%D1%85%D0%B3%D0%B0%D0%BB%D1%82%D0%B5%D1%80%D0%B0-at-audent-llc-4464272766,Заместитель главного бухгалтера,Audent LLC,failed|wp_post_failed,2026-09-14T07:56:51.599305,
536c990b877ac412,https://by.linkedin.com/jobs/view/growth-marketing-manager-ai-software-at-quadcode-4408669467,Growth Marketing Manager (AI Software),,scraped,2026-09-14T07:56:54.204601,
c96b2c7b92b85376,https://by.linkedin.com/jobs/view/brokerage-senior-assistant-at-ups-4456203072,Brokerage Senior Assistant,UPS,posted,2026-09-14T07:57:06.391154,32
3d138d9ddd1662ee,https://by.linkedin.com/jobs/view/brokerage-senior-assistant-at-ups-4464525780,Brokerage Senior Assistant,UPS,scraped,2026-09-14T07:57:10.474034,
359ecb099b777854,https://by.linkedin.com/jobs/view/brokerage-senior-assistant-at-ups-4464596110,Brokerage Senior Assistant,UPS,scraped,2026-09-14T07:57:14.539181,
f9e76ac7f0725c73,https://by.linkedin.com/jobs/view/brokerage-senior-assistant-at-ups-4456097830,Brokerage Senior Assistant,UPS,scraped,2026-09-14T07:57:18.528769,
8ebfc0429e6b64c3,https://by.linkedin.com/jobs/view/brokerage-senior-assistant-at-ups-4464591133,Brokerage Senior Assistant,UPS,scraped,2026-09-14T07:57:22.420506,
7a7c7d433f0aa614,https://by.linkedin.com/jobs/view/brokerage-senior-assistant-at-ups-4456201111,Brokerage Senior Assistant,UPS,scraped,2026-09-14T07:57:26.368655,
4ffc8cd46d681626,https://by.linkedin.com/jobs/view/brokerage-senior-assistant-at-ups-4456200439,Brokerage Senior Assistant,UPS,scraped,2026-09-14T07:57:30.298814,
14ae836eca14ffa5,https://by.linkedin.com/jobs/view/brokerage-senior-assistant-at-ups-4464511919,Brokerage Senior Assistant,UPS,scraped,2026-09-14T07:57:34.302161,
78d09b4c88439b8e,https://by.linkedin.com/jobs/view/brokerage-senior-assistant-at-ups-4464517841,Brokerage Senior Assistant,UPS,scraped,2026-09-14T07:57:38.302728,
3739637cf48a57dd,https://by.linkedin.com/jobs/view/brokerage-senior-assistant-at-ups-4464533005,Brokerage Senior Assistant,UPS,scraped,2026-09-14T07:57:42.392727,
bd82d886c603d22d,https://by.linkedin.com/jobs/view/gbs-customer-service-rep-at-ups-4462980218,GBS Customer Service Rep,UPS,scraped,2026-09-14T07:57:46.348457,
b267998104ce2a4e,https://by.linkedin.com/jobs/view/gbs-customer-service-rep-at-ups-4462988157,GBS Customer Service Rep,UPS,scraped,2026-09-14T07:57:50.340984,
634c194561a06a2d,https://by.linkedin.com/jobs/view/gbs-customer-service-rep-at-ups-4463551137,GBS Customer Service Rep,UPS,scraped,2026-09-14T07:57:54.333637,
f1a3732f2e0190fc,https://by.linkedin.com/jobs/view/gbs-customer-service-rep-at-ups-4463299502,GBS Customer Service Rep,UPS,scraped,2026-09-14T07:57:58.300163,
99cb32b56244f105,https://by.linkedin.com/jobs/view/gbs-customer-service-rep-at-ups-4462953247,GBS Customer Service Rep,UPS,scraped,2026-09-14T07:58:02.268824,
5554c619b5005940,https://by.linkedin.com/jobs/view/gbs-customer-service-rep-at-ups-4463510115,GBS Customer Service Rep,UPS,scraped,2026-09-14T07:58:06.159990,
61a873b3f0003c10,https://by.linkedin.com/jobs/view/gbs-customer-service-rep-at-ups-4463515095,GBS Customer Service Rep,UPS,scraped,2026-09-14T07:58:10.157152,
617cebc82a547414,https://by.linkedin.com/jobs/view/gbs-customer-service-rep-at-ups-4462952288,GBS Customer Service Rep,UPS,scraped,2026-09-14T07:58:14.209865,
49cc48752ca7cdc6,https://by.linkedin.com/jobs/view/gbs-customer-service-rep-at-ups-4462960185,GBS Customer Service Rep,UPS,scraped,2026-09-14T07:58:18.206767,
384278546c19ee4f,https://by.linkedin.com/jobs/view/gbs-customer-service-rep-at-ups-4462974109,GBS Customer Service Rep,UPS,scraped,2026-09-14T07:58:22.148521,
f43358df9263ae0c,https://by.linkedin.com/jobs/view/manager-of-reporting-insights-at-delve-deeper-4459690608,Manager of Reporting & Insights,Delve Deeper,posted,2026-09-14T09:30:02.433197,34
b7d7e8994b723351,https://by.linkedin.com/jobs/view/%D1%81%D0%B8%D1%81%D1%82%D0%B5%D0%BC%D0%BD%D1%8B%D0%B9-%D0%B8%D0%BD%D0%B6%D0%B5%D0%BD%D0%B5%D1%80-infrastructure%2Bcloud%2Bdevops%2B-sre-at-iqdata-4303455179,Системный инженер (Infrastructure+Cloud+DevOps+ SRE),iqData,posted,2026-09-14T09:30:11.214056,36
31d2c75d8d881ca7,https://by.linkedin.com/jobs/view/gbs-customer-service-rep-at-ups-4463509116,GBS Customer Service Rep,UPS,posted,2026-09-14T09:30:57.881881,28
1f4d1ccec26fdca0,https://by.linkedin.com/jobs/view/playable-ads-developer-at-tripledot-studios-4411627547,Playable Ads Developer,,scraped,2026-09-14T16:07:16.995332,
e4546ee408fe67e9,https://by.linkedin.com/jobs/view/manual-qa-engineer-android%2Bios-at-mission-ai-hire-4465224113,Manual QA engineer (Android+IOS),Mission AI Hire,posted,2026-09-14T16:07:45.894195,38
50d802d1f8853cca,https://by.linkedin.com/jobs/view/copywriter-content-manager-at-hos247-4410069675,Copywriter/Content Manager,HOS247,posted,2026-09-14T16:07:57.387383,40
cd12931d9c7dbd09,https://by.linkedin.com/jobs/view/medical-representative-at-sandoz-4465348448,Medical Representative,,scraped,2026-09-14T16:08:04.187090,
ca5d7984d980c15d,https://by.linkedin.com/jobs/view/%D0%BC%D0%B5%D0%BD%D0%B5%D0%B4%D0%B6%D0%B5%D1%80-%D0%BF%D0%BE-%D0%BF%D1%80%D0%BE%D0%B4%D0%B0%D0%B6%D0%B0%D0%BC-%D0%B0%D0%B2%D1%82%D0%BE%D0%BC%D0%BE%D0%B1%D0%B8%D0%BB%D0%B5%D0%B9-%D1%81-%D0%BF%D1%80%D0%BE%D0%B1%D0%B5%D0%B3%D0%BE%D0%BC-4462512743,Менеджер по продажам автомобилей с пробегом,Автоцентр Prapanova,failed|wp_post_failed,2026-09-14T16:08:17.387429,
1656a60c2c7e1911,https://by.linkedin.com/jobs/view/technicien-support-n1-at-chapsvision-4463529334,Technicien Support N1,,scraped,2026-09-14T16:08:19.836332,
72b21cdd37b74de7,https://by.linkedin.com/jobs/view/game-producer-hybrid-casual-at-tripledot-studios-4465074149,Game Producer (Hybrid Casual),,scraped,2026-09-14T16:08:27.547510,
41537b45fac0259c,https://by.linkedin.com/jobs/view/sw-engineer-intern-at-mks-inc-4435964109,SW Engineer (Intern),MKS Inc.,posted,2026-09-14T16:08:42.844803,42
78c39e74c5d3c860,https://by.linkedin.com/jobs/view/gbs-marketing-admin-assistant-at-ups-4463504179,GBS Marketing Admin Assistant,UPS,posted,2026-09-14T16:08:52.679376,44
62e36b2c33eb3742,https://by.linkedin.com/jobs/view/gbs-marketing-admin-assistant-at-ups-4463507126,GBS Marketing Admin Assistant,UPS,scraped,2026-09-14T16:08:56.591255,
1c95454a6003e357,https://by.linkedin.com/jobs/view/bc-cn-exp-temp-at-ups-4463543688,BC CN EXP Temp,UPS,posted,2026-09-14T16:09:08.590038,46
054c27388e87f2fd,https://by.linkedin.com/jobs/view/bc-cn-exp-temp-at-ups-4463508122,BC CN EXP Temp,UPS,scraped,2026-09-14T16:09:12.546775,
829b22304e061363,https://by.linkedin.com/jobs/view/bc-cn-exp-temp-at-ups-4463511117,BC CN EXP Temp,UPS,scraped,2026-09-14T16:09:16.651413,
9d97b0c5cf653788,https://by.linkedin.com/jobs/view/gbs-admin-assistant-iii-at-ups-4464510941,GBS Admin Assistant III,UPS,posted,2026-09-14T16:09:25.961670,48
5b09ff40e534de30,https://by.linkedin.com/jobs/view/gbs-admin-assistant-iii-at-ups-4464514871,GBS Admin Assistant III,UPS,scraped,2026-09-14T16:09:29.940130,
9898fecd43494060,https://by.linkedin.com/jobs/view/gbs-admin-assistant-iii-at-ups-4464533008,GBS Admin Assistant III,UPS,scraped,2026-09-14T16:09:33.962957,
e560ce42cc5953a1,https://by.linkedin.com/jobs/view/gbs-sr-customer-service-rep-at-ups-4464515841,GBS Sr Customer Service Rep,UPS,posted,2026-09-14T16:09:44.334559,50
0ffcfe017acf630e,https://by.linkedin.com/jobs/view/gbs-sr-customer-service-rep-at-ups-4464518863,GBS Sr Customer Service Rep,UPS,scraped,2026-09-14T16:09:48.313426,
639d0e3f7fbaa105,https://by.linkedin.com/jobs/view/brokerage-senior-assistant-at-ups-4464526727,Brokerage Senior Assistant,UPS,posted,2026-09-14T21:20:45.940066,32
f0dd96fca94abbcc,https://by.linkedin.com/jobs/view/brokerage-senior-assistant-at-ups-4456082991,Brokerage Senior Assistant,UPS,scraped,2026-09-14T21:20:49.940357,
b05049ca927f52f2,https://by.linkedin.com/jobs/view/gbs-marketing-admin-assistant-at-ups-4463537742,GBS Marketing Admin Assistant,UPS,posted,2026-09-14T21:20:55.040404,44
b8d2013b043fc1ca,https://by.linkedin.com/jobs/view/medical-representative-at-sandoz-4467293587,Medical Representative,,scraped,2026-09-15T00:11:27.353110,
09c08a9fc2959b19,https://by.linkedin.com/jobs/view/%D0%BC%D0%B5%D0%BD%D0%B5%D0%B4%D0%B6%D0%B5%D1%80-%D0%BF%D0%BE-%D1%80%D0%B0%D0%B7%D0%B2%D0%B8%D1%82%D0%B8%D1%8E-at-%D0%BE%D0%BE%D0%BE-%D0%BA%D0%BE%D0%BC%D0%BF%D0%B5%D0%BD%D1%81%D0%B0%D1%82%D0%BE%D1%80-%D0%B3%D1%80%D1%83%D0%BF%D0%BF-%E2%80%8B-4459201373,Менеджер по развитию,,scraped,2026-09-15T07:05:53.479940,
39e4fb49eed1e46f,https://by.linkedin.com/jobs/view/gbs-sr-customer-service-rep-at-ups-4464527728,GBS Sr Customer Service Rep,UPS,posted,2026-09-15T07:06:43.239097,50
360a240d769d14e0,https://by.linkedin.com/jobs/view/%D0%BF%D1%80%D0%BE%D0%B3%D1%80%D0%B0%D0%BC%D0%BC%D0%B8%D1%81%D1%82-1%D1%81-team-lead-at-forward-motors-llc-4465536594,Программист 1С/Team Lead,,scraped,2026-09-15T17:53:39.596585,
0990e19214ce5a6d,https://by.linkedin.com/jobs/view/backend-engineer-node-js-%2B-aws-at-deel-4456506369,Backend Engineer Node.js + AWS,Deel,posted,2026-09-15T17:53:57.501939,52
1ee9d7f0a1a48adf,https://by.linkedin.com/jobs/view/%D1%84%D0%B0%D1%80%D0%BC%D0%B0%D1%86%D0%B5%D0%B2%D1%82-4465553698,Фармацевт,АльфаАптека,failed|wp_post_failed,2026-09-15T17:54:05.080907,
e876260218b12d9c,https://by.linkedin.com/jobs/view/system-engineer-at-netland-4465510523,System Engineer,,scraped,2026-09-15T17:54:11.831741,
d3310b41fd223869,https://by.linkedin.com/jobs/view/business-process-modeling-consultant-remote-work-at-bairesdev-4466554669,Business Process Modeling Consultant - Remote Work,BairesDev,posted,2026-09-15T17:54:41.298716,54
7c74db32c089513f,https://by.linkedin.com/jobs/view/%D1%81%D0%BF%D0%B5%D1%86%D0%B8%D0%B0%D0%BB%D0%B8%D1%81%D1%82-%D0%BF%D0%BE-%D0%BA%D0%BE%D0%BD%D1%82%D0%B5%D0%BA%D1%81%D1%82%D0%BD%D0%BE%D0%B9-%D1%80%D0%B5%D0%BA%D0%BB%D0%B0%D0%BC%D0%B5-at-%D0%B2%D0%B5%D0%B1-%D1%81%D1%82%D1%83%D0%B4%D0%B8%D1%8F-insomnia-4465534655,Специалист по контекстной рекламе,,scraped,2026-09-15T20:47:43.241942,
07ebcd0521cf2826,https://by.linkedin.com/jobs/view/cs-ccr-at-ups-4464583171,CS CCR,UPS,posted,2026-09-15T20:48:08.652744,30
b3fe861176fbdc85,https://by.linkedin.com/jobs/view/cs-ccr-at-ups-4464514869,CS CCR,UPS,scraped,2026-09-15T20:48:12.809609,
7452d5c0e27a0f12,https://by.linkedin.com/jobs/view/capital-sales-manager-%E2%80%93-surgical-robotics%EF%BC%88belarus%EF%BC%89-at-edge-medical-co-ltd-4467946056,Capital Sales Manager – Surgical Robotics（Belarus）,,scraped,2026-09-16T02:58:20.003337,
2e633a57fa81605c,https://by.linkedin.com/jobs/view/sales-at-aps-the-solver-4465958499,Sales,,scraped,2026-09-16T09:01:27.245200,
